,Cluster
0,0
1,0
2,0
3,0
4,0
5,1
6,1
7,2
8,1
9,0
10,0
11,0
12,1
13,0
14,1
15,0
16,2
17,0
18,0
19,0
20,0
21,2
22,0
23,0
24,2
25,0
26,0
27,2
28,0
29,0
30,0
31,0
32,0
33,2
34,0
35,0
36,0
37,1
38,0
39,0
40,2
41,0
42,2
43,2
44,0
45,2
46,0
47,0
48,0
49,2
50,0
51,0
52,2
53,0
54,0
55,0
56,2
57,1
58,0
59,0
60,0
61,0
62,1
63,1
64,0
65,2
66,0
67,1
68,0
69,0
70,0
71,0
72,0
73,0
74,0
75,3
76,0
77,0
78,2
79,0
80,2
81,2
82,0
83,0
84,0
85,0
86,0
87,2
88,0
89,2
90,0
91,0
92,0
93,0
94,2
95,2
96,0
97,1
98,0
99,2
100,1
101,1
102,0
103,0
104,0
105,1
106,0
107,0
108,2
109,0
110,2
111,0
112,2
113,0
114,0
115,2
116,2
117,2
118,2
119,2
120,0
121,0
122,0
123,0
124,0
125,1
126,2
127,0
128,1
129,0
130,0
131,2
132,2
133,0
134,0
135,2
136,0
137,0
138,2
139,0
140,0
141,2
142,1
143,0
144,0
145,0
146,0
147,0
148,1
149,0
150,2
151,1
152,0
153,2
154,2
155,1
156,1
157,1
158,0
159,0
160,2
161,0
162,0
163,0
164,0
165,0
166,0
167,2
168,2
169,0
170,2
171,0
172,2
173,2
174,0
175,0
176,1
177,0
178,0
179,3
180,2
181,1
182,0
183,2
184,2
185,1
186,0
187,0
188,0
189,0
190,1
191,0
192,0
193,0
194,1
195,0
196,2
197,0
198,2
199,1
200,2
201,3
202,0
203,0
204,0
205,2
206,0
207,0
208,3
209,1
210,0
211,0
212,0
213,0
214,0
215,0
216,0
217,0
218,2
219,2
220,2
221,2
222,0
223,0
224,0
225,0
226,0
227,2
228,0
229,0
230,1
231,0
232,0
233,0
234,2
235,0
236,0
237,2
238,0
239,0
240,0
241,1
242,0
243,0
244,2
245,2
246,2
247,0
248,2
249,0
250,0
251,2
252,1
253,1
254,1
255,0
256,1
257,2
258,0
259,1
260,1
261,2
262,0
263,0
264,2
265,0
266,0
267,2
268,0
269,0
270,2
271,2
272,0
273,0
274,0
275,0
276,0
277,0
278,1
279,0
280,0
281,0
282,2
283,1
284,0
285,2
286,2
287,0
288,1
289,0
290,0
291,0
292,0
293,0
294,1
295,0
296,0
297,2
298,1
299,0
300,1
301,2
302,0
303,2
304,0
305,0
306,2
307,0
308,0
309,2
310,0
311,0
312,0
313,1
314,1
315,2
316,3
317,0
318,0
319,0
320,2
321,0
322,0
323,0
324,0
325,0
326,0
327,0
328,0
329,0
330,2
331,0
332,0
333,0
334,2
335,0
336,2
337,2
338,1
339,0
340,0
341,0
342,2
343,0
344,0
345,0
346,0
347,0
348,0
349,1
350,0
351,2
352,2
353,2
354,0
355,0
356,0
357,0
358,0
359,0
360,2
361,1
362,2
363,0
364,0
365,0
366,2
367,0
368,0
369,0
370,0
371,2
372,0
373,0
374,0
375,0
376,0
377,0
378,0
379,0
380,0
381,0
382,0
383,0
384,3
385,0
386,0
387,0
388,2
389,0
390,2
391,0
392,0
393,2
394,2
395,0
396,2
397,0
398,0
399,0
400,0
401,2
402,1
403,0
404,0
405,2
406,0
407,2
408,2
409,2
410,1
411,0
412,0
413,0
414,0
415,0
416,2
417,0
418,2
419,0
420,0
421,0
422,0
423,2
424,0
425,0
426,0
427,0
428,0
429,0
430,0
431,0
432,2
433,0
434,2
435,2
436,0
437,0
438,2
439,0
440,0
441,2
442,0
443,0
444,2
445,0
446,0
447,0
448,0
449,0
450,0
451,2
452,2
453,0
454,2
455,1
456,1
457,2
458,2
459,2
460,1
461,2
462,0
463,0
464,2
465,0
466,0
467,2
468,0
469,2
470,0
471,0
472,0
473,2
474,0
475,2
476,0
477,0
478,0
479,0
480,1
481,0
482,0
483,0
484,2
485,2
486,2
487,0
488,2
489,2
490,0
491,2
492,0
493,0
494,2
495,2
496,2
497,0
498,0
499,2
500,0
501,0
502,0
503,0
504,0
505,0
506,1
507,2
508,0
509,0
510,2
511,0
512,2
513,0
514,1
515,2
516,1
517,2
518,0
519,0
520,1
521,0
522,2
523,2
524,2
525,2
526,0
527,0
528,0
529,0
530,2
531,2
532,1
533,0
534,0
535,0
536,0
537,0
538,0
539,2
540,0
541,2
542,2
543,0
544,2
545,0
546,2
547,1
548,2
549,0
550,0
551,0
552,0
553,0
554,0
555,2
556,0
557,0
558,0
559,0
560,0
561,3
562,0
563,0
564,0
565,2
566,2
567,3
568,0
569,0
570,1
571,1
572,2
573,2
574,2
575,2
576,2
577,1
578,0
579,0
580,0
581,0
582,0
583,0
584,2
585,0
586,0
587,0
588,2
589,0
590,0
591,2
592,1
593,0
594,0
595,0
596,2
597,0
598,2
599,2
600,0
601,2
602,2
603,0
604,0
605,0
606,0
607,1
608,2
609,0
610,0
611,0
612,1
613,0
614,1
615,2
616,0
617,0
618,0
619,2
620,2
621,1
622,0
623,2
624,0
625,0
626,2
627,0
628,2
629,0
630,2
631,0
632,0
633,0
634,2
635,0
636,0
637,0
638,0
639,2
640,0
641,0
642,2
643,0
644,1
645,0
646,2
647,0
648,0
649,0
650,0
651,0
652,0
653,2
654,0
655,0
656,2
657,0
658,0
659,0
660,0
661,0
662,1
663,2
664,0
665,2
666,2
667,0
668,0
669,2
670,0
671,1
672,2
673,2
674,2
675,2
676,0
677,0
678,0
679,0
680,2
681,2
682,2
683,0
684,2
685,0
686,0
687,0
688,2
689,0
690,2
691,0
692,0
693,2
694,2
695,0
696,1
697,0
698,0
699,0
700,2
701,0
702,2
703,2
704,0
705,0
706,1
707,0
708,0
709,2
710,2
711,2
712,0
713,0
714,0
715,0
716,1
717,0
718,0
719,2
720,1
721,0
722,0
723,0
724,3
725,0
726,0
727,2
728,1
729,2
730,1
731,2
732,0
733,2
734,2
735,0
736,2
737,0
738,2
739,0
740,1
741,2
742,0
743,2
744,0
745,0
746,0
747,2
748,0
749,0
750,2
751,2
752,1
753,2
754,3
755,0
756,2
757,0
758,1
759,2
760,0
761,2
762,2
763,3
764,1
765,1
766,0
767,0
768,0
769,0
770,0
771,0
772,0
773,0
774,2
775,0
776,0
777,2
778,1
779,2
780,0
781,0
782,0
783,0
784,0
785,0
786,0
787,2
788,2
789,0
790,0
791,0
792,0
793,0
794,0
795,2
796,0
797,3
798,1
799,1
800,2
801,0
802,1
803,0
804,0
805,0
806,0
807,2
808,2
809,2
810,1
811,2
812,2
813,2
814,2
815,0
816,0
817,2
818,2
819,0
820,0
821,0
822,0
823,0
824,1
825,0
826,0
827,2
828,1
829,1
830,2
831,0
832,0
833,0
834,2
835,0
836,2
837,0
838,0
839,0
840,0
841,2
842,1
843,1
844,2
845,0
846,2
847,2
848,2
849,0
850,1
851,0
852,2
853,2
854,2
855,2
856,0
857,2
858,2
859,0
860,0
861,2
862,1
863,2
864,0
865,0
866,0
867,0
868,0
869,2
870,2
871,1
872,0
873,0
874,2
875,0
876,2
877,0
878,0
879,0
880,0
881,2
882,2
883,2
884,2
885,0
886,1
887,0
888,0
889,1
890,2
891,2
892,0
893,0
894,0
895,0
896,0
897,2
898,2
899,2
900,0
901,0
902,0
903,0
904,0
905,0
906,2
907,0
908,2
909,2
910,0
911,0
912,0
913,0
914,0
915,2
916,1
917,0
918,2
919,2
920,0
921,2
922,0
923,1
924,0
925,0
926,0
927,0
928,2
929,1
930,0
931,2
932,1
933,0
934,2
935,1
936,0
937,0
938,0
939,0
940,0
941,0
942,2
943,2
944,0
945,2
946,0
947,2
948,0
949,0
950,2
951,0
952,0
953,2
954,0
955,0
956,1
957,0
958,0
959,2
960,0
961,1
962,0
963,0
964,0
965,2
966,2
967,2
968,0
969,2
970,0
971,0
972,2
973,0
974,0
975,0
976,0
977,0
978,0
979,2
980,2
981,0
982,0
983,0
984,1
985,1
986,0
987,3
988,0
989,0
990,0
991,2
992,2
993,2
994,0
995,2
996,2
997,0
998,0
999,2
1000,2
1001,2
1002,1
1003,0
1004,0
1005,0
1006,1
1007,0
1008,2
1009,0
1010,2
1011,2
1012,0
1013,0
1014,0
1015,2
1016,0
1017,2
1018,1
1019,1
1020,1
1021,1
1022,0
1023,1
1024,0
1025,1
1026,2
1027,0
1028,2
1029,0
1030,0
1031,2
1032,2
1033,2
1034,2
1035,2
1036,2
1037,0
1038,0
1039,3
1040,0
1041,1
1042,1
1043,2
1044,0
1045,2
1046,2
1047,1
1048,0
1049,2
1050,0
1051,0
1052,0
1053,0
1054,2
1055,0
1056,2
1057,0
1058,0
1059,2
1060,0
1061,0
1062,0
1063,2
1064,0
1065,0
1066,0
1067,2
1068,0
1069,0
1070,0
1071,0
1072,1
1073,0
1074,0
1075,0
1076,2
1077,0
1078,0
1079,2
1080,2
1081,0
1082,0
1083,2
1084,3
1085,2
1086,0
1087,1
1088,2
1089,0
1090,0
1091,0
1092,2
1093,0
1094,0
1095,0
1096,0
1097,0
1098,2
1099,0
1100,0
1101,0
1102,2
1103,2
1104,0
1105,2
1106,2
1107,2
1108,2
1109,0
1110,0
1111,0
1112,0
1113,0
1114,0
1115,0
1116,2
1117,0
1118,0
1119,0
1120,0
1121,2
1122,0
1123,2
1124,0
1125,1
1126,2
1127,0
1128,0
1129,2
1130,2
1131,0
1132,0
1133,0
1134,0
1135,2
1136,0
1137,0
1138,2
1139,1
1140,0
1141,0
1142,0
1143,0
1144,1
1145,1
1146,0
1147,0
1148,0
1149,0
1150,2
1151,2
1152,0
1153,2
1154,0
1155,0
1156,0
1157,1
1158,0
1159,0
1160,1
1161,2
1162,2
1163,1
1164,2
1165,1
1166,1
1167,2
1168,0
1169,0
1170,0
1171,0
1172,2
1173,0
1174,0
1175,0
1176,0
1177,2
1178,0
1179,0
1180,2
1181,0
1182,2
1183,0
1184,2
1185,2
1186,0
1187,2
1188,0
1189,0
1190,1
1191,0
1192,0
1193,0
1194,2
1195,0
1196,2
1197,0
1198,0
1199,2
1200,0
1201,0
1202,0
1203,2
1204,0
1205,0
1206,2
1207,0
1208,0
1209,0
1210,0
1211,0
1212,2
1213,0
1214,1
1215,0
1216,0
1217,2
1218,2
1219,2
1220,0
1221,0
1222,0
1223,0
1224,0
1225,3
1226,0
1227,0
1228,0
1229,2
1230,0
1231,0
1232,0
1233,0
1234,0
1235,0
1236,2
1237,0
1238,2
1239,0
1240,1
1241,1
1242,0
1243,2
1244,1
1245,0
1246,1
1247,2
1248,0
1249,0
1250,0
1251,2
1252,0
1253,2
1254,0
1255,2
1256,2
1257,0
1258,2
1259,0
1260,0
1261,2
1262,0
1263,0
1264,2
1265,0
1266,2
1267,2
1268,1
1269,1
1270,0
1271,0
1272,0
1273,1
1274,2
1275,2
1276,0
1277,1
1278,2
1279,1
1280,0
1281,2
1282,2
1283,0
1284,2
1285,2
1286,0
1287,0
1288,0
1289,0
1290,2
1291,0
1292,2
1293,2
1294,0
1295,1
1296,0
1297,0
1298,2
1299,2
1300,0
1301,2
1302,0
1303,0
1304,0
1305,0
1306,0
1307,2
1308,0
1309,0
1310,0
1311,2
1312,1
1313,2
1314,2
1315,0
1316,0
1317,0
1318,0
1319,0
1320,1
1321,0
1322,2
1323,0
1324,0
1325,0
1326,2
1327,2
1328,2
1329,0
1330,2
1331,0
1332,1
1333,2
1334,2
1335,0
1336,0
1337,2
1338,0
1339,0
1340,0
1341,0
1342,1
1343,0
1344,2
1345,2
1346,0
1347,2
1348,3
1349,2
1350,0
1351,0
1352,1
1353,0
1354,0
1355,2
1356,0
1357,0
1358,0
1359,0
1360,2
1361,0
1362,0
1363,0
1364,1
1365,0
1366,0
1367,0
1368,1
1369,3
1370,2
1371,0
1372,0
1373,2
1374,2
1375,0
1376,0
1377,0
1378,0
1379,2
1380,2
1381,0
1382,2
1383,0
1384,2
1385,0
1386,0
1387,0
1388,2
1389,2
1390,0
1391,2
1392,2
1393,0
1394,0
1395,0
1396,1
1397,2
1398,2
1399,0
1400,0
1401,0
1402,0
1403,2
1404,2
1405,2
1406,2
1407,2
1408,0
1409,0
1410,0
1411,1
1412,0
1413,2
1414,0
1415,0
1416,1
1417,2
1418,1
1419,1
1420,0
1421,2
1422,1
1423,0
1424,2
1425,1
1426,0
1427,0
1428,2
1429,0
1430,2
1431,0
1432,2
1433,0
1434,0
1435,0
1436,2
1437,0
1438,0
1439,2
1440,0
1441,0
1442,0
1443,2
1444,0
1445,0
1446,0
1447,0
1448,0
1449,0
1450,0
1451,0
1452,2
1453,0
1454,2
1455,0
1456,2
1457,2
1458,2
1459,2
1460,2
1461,2
1462,0
1463,0
1464,0
1465,2
1466,0
1467,2
1468,2
1469,0
1470,0
1471,2
1472,0
1473,0
1474,2
1475,2
1476,0
1477,1
1478,0
1479,0
1480,2
1481,0
1482,0
1483,0
1484,1
1485,0
1486,0
1487,2
1488,0
1489,2
1490,2
1491,2
1492,0
1493,0
1494,0
1495,0
1496,0
1497,0
1498,2
1499,1
1500,2
1501,0
1502,0
1503,0
1504,0
1505,0
1506,2
1507,0
1508,2
1509,0
1510,0
1511,3
1512,2
1513,2
1514,2
1515,0
1516,0
1517,0
1518,0
1519,0
1520,2
1521,1
1522,0
1523,0
1524,2
1525,0
1526,0
1527,0
1528,0
1529,0
1530,1
1531,0
1532,0
1533,0
1534,1
1535,0
1536,0
1537,0
1538,2
1539,0
1540,0
1541,0
1542,0
1543,2
1544,0
1545,0
1546,2
1547,0
1548,2
1549,0
1550,1
1551,2
1552,0
1553,0
1554,2
1555,2
1556,0
1557,2
1558,0
1559,2
1560,0
1561,0
1562,0
1563,0
1564,2
1565,0
1566,0
1567,0
1568,2
1569,0
1570,0
1571,0
1572,0
1573,0
1574,2
1575,0
1576,2
1577,0
1578,0
1579,0
1580,0
1581,1
1582,0
1583,1
1584,0
1585,0
1586,0
1587,0
1588,0
1589,2
1590,0
1591,1
1592,0
1593,0
1594,2
1595,1
1596,0
1597,2
1598,0
1599,1
1600,0
1601,2
1602,0
1603,0
1604,0
1605,0
1606,0
1607,2
1608,0
1609,0
1610,1
1611,0
1612,1
1613,0
1614,0
1615,0
1616,0
1617,0
1618,0
1619,1
1620,2
1621,0
1622,0
1623,0
1624,0
1625,0
1626,2
1627,0
1628,1
1629,0
1630,0
1631,0
1632,0
1633,1
1634,0
1635,0
1636,2
1637,0
1638,0
1639,0
1640,2
1641,0
1642,0
1643,0
1644,2
1645,1
1646,0
1647,2
1648,0
1649,0
1650,0
1651,0
1652,0
1653,0
1654,0
1655,1
1656,1
1657,0
1658,0
1659,0
1660,2
1661,0
1662,2
1663,2
1664,0
1665,0
1666,2
1667,1
1668,0
1669,0
1670,2
1671,0
1672,1
1673,2
1674,2
1675,0
1676,0
1677,0
1678,0
1679,0
1680,0
1681,2
1682,1
1683,0
1684,0
1685,0
1686,0
1687,2
1688,0
1689,0
1690,2
1691,0
1692,0
1693,0
1694,0
1695,0
1696,2
1697,2
1698,0
1699,0
1700,0
1701,0
1702,0
1703,0
1704,0
1705,0
1706,3
1707,0
1708,2
1709,0
1710,0
1711,0
1712,2
1713,0
1714,0
1715,0
1716,0
1717,0
1718,2
1719,0
1720,0
1721,0
1722,2
1723,0
1724,0
1725,1
1726,2
1727,0
1728,1
1729,0
1730,0
1731,2
1732,2
1733,0
1734,2
1735,0
1736,0
1737,0
1738,0
1739,0
1740,0
1741,0
1742,2
1743,0
1744,0
1745,0
1746,2
1747,2
1748,2
1749,2
1750,2
1751,0
1752,1
1753,0
1754,0
1755,0
1756,0
1757,0
1758,0
1759,0
1760,1
1761,0
1762,0
1763,0
1764,0
1765,2
1766,0
1767,0
1768,0
1769,2
1770,0
1771,2
1772,2
1773,1
1774,1
1775,0
1776,2
1777,1
1778,0
1779,0
1780,2
1781,2
1782,1
1783,2
1784,2
1785,0
1786,0
1787,0
1788,0
1789,0
1790,2
1791,2
1792,0
1793,0
1794,2
1795,1
1796,1
1797,0
1798,0
1799,1
1800,0
1801,2
1802,0
1803,0
1804,1
1805,0
1806,0
1807,0
1808,2
1809,0
1810,0
1811,0
1812,0
1813,2
1814,0
1815,2
1816,2
1817,0
1818,0
1819,0
1820,0
1821,2
1822,2
1823,0
1824,1
1825,0
1826,1
1827,0
1828,0
1829,0
1830,0
1831,0
1832,0
1833,0
1834,0
1835,1
1836,0
1837,0
1838,2
1839,0
1840,0
1841,0
1842,0
1843,3
1844,0
1845,2
1846,0
1847,2
1848,0
1849,2
1850,2
1851,0
1852,0
1853,0
1854,0
1855,1
1856,0
1857,2
1858,0
1859,0
1860,0
1861,0
1862,2
1863,3
1864,2
1865,0
1866,0
1867,1
1868,0
1869,1
1870,2
1871,2
1872,3
1873,2
1874,1
1875,0
1876,0
1877,1
1878,2
1879,1
1880,0
1881,0
1882,0
1883,0
1884,0
1885,0
1886,2
1887,0
1888,1
1889,0
1890,2
1891,0
1892,0
1893,0
1894,2
1895,2
1896,2
1897,0
1898,0
1899,2
1900,0
1901,0
1902,0
1903,2
1904,0
1905,0
1906,2
1907,0
1908,0
1909,0
1910,2
1911,0
1912,0
1913,2
1914,0
1915,0
1916,0
1917,2
1918,2
1919,1
1920,0
1921,2
1922,2
1923,0
1924,0
1925,0
1926,0
1927,0
1928,0
1929,0
1930,0
1931,1
1932,2
1933,2
1934,0
1935,0
1936,2
1937,0
1938,0
1939,0
1940,0
1941,0
1942,0
1943,0
1944,0
1945,0
1946,1
1947,2
1948,2
1949,2
1950,1
1951,0
1952,0
1953,0
1954,2
1955,2
1956,1
1957,0
1958,0
1959,2
1960,0
1961,0
1962,0
1963,0
1964,0
1965,0
1966,0
1967,2
1968,0
1969,2
1970,0
1971,0
1972,0
1973,2
1974,0
1975,2
1976,0
1977,0
1978,0
1979,2
1980,0
1981,0
1982,0
1983,0
1984,0
1985,1
1986,2
1987,1
1988,2
1989,2
1990,1
1991,0
1992,2
1993,0
1994,2
1995,0
1996,2
1997,0
1998,0
1999,0
2000,0
2001,0
2002,0
2003,2
2004,0
2005,2
2006,1
2007,0
2008,0
2009,0
2010,0
2011,0
2012,0
2013,0
2014,1
2015,0
2016,0
2017,2
2018,1
2019,2
2020,0
2021,0
2022,0
2023,2
2024,2
2025,0
2026,1
2027,0
2028,2
2029,0
2030,0
2031,0
2032,0
2033,0
2034,0
2035,1
2036,0
2037,0
2038,0
2039,2
2040,0
2041,0
2042,0
2043,0
2044,0
2045,0
2046,0
2047,2
2048,0
2049,0
2050,2
2051,0
2052,2
2053,2
2054,0
2055,0
2056,2
2057,0
2058,0
2059,0
2060,2
2061,0
2062,2
2063,0
2064,0
2065,0
2066,0
2067,0
2068,0
2069,2
2070,1
2071,2
2072,2
2073,0
2074,0
2075,0
2076,1
2077,2
2078,0
2079,0
2080,2
2081,0
2082,2
2083,0
2084,0
2085,0
2086,0
2087,0
2088,0
2089,0
2090,1
2091,0
2092,0
2093,0
2094,0
2095,2
2096,0
2097,0
2098,2
2099,0
2100,0
2101,0
2102,0
2103,0
2104,2
2105,2
2106,0
2107,2
2108,0
2109,0
2110,2
2111,0
2112,0
2113,2
2114,0
2115,2
2116,0
2117,1
2118,1
2119,0
2120,0
2121,1
2122,0
2123,2
2124,0
2125,1
2126,0
2127,0
2128,2
2129,0
2130,2
2131,1
2132,2
2133,2
2134,0
2135,0
2136,0
2137,2
2138,2
2139,1
2140,0
2141,0
2142,0
2143,2
2144,0
2145,0
2146,0
2147,0
2148,0
2149,2
2150,0
2151,0
2152,0
2153,2
2154,2
2155,2
2156,2
2157,2
2158,2
2159,1
2160,0
2161,2
2162,0
2163,2
2164,2
2165,0
2166,2
2167,1
2168,0
2169,0
2170,2
2171,2
2172,2
2173,0
2174,0
2175,0
2176,0
2177,1
2178,0
2179,2
2180,0
2181,0
2182,1
2183,0
2184,0
2185,2
2186,0
2187,0
2188,0
2189,2
2190,0
2191,2
2192,2
2193,2
2194,0
2195,2
2196,2
2197,0
2198,0
2199,0
2200,0
2201,0
2202,0
2203,0
2204,0
2205,0
2206,0
2207,2
2208,0
2209,0
2210,0
2211,2
2212,2
2213,0
2214,1
2215,0
2216,1
2217,0
2218,0
2219,3
2220,0
2221,2
2222,0
2223,0
2224,2
2225,0
2226,2
2227,2
2228,2
2229,0
2230,2
2231,0
2232,2
2233,0
2234,2
2235,0
2236,0
2237,2
2238,2
2239,0
2240,1
2241,0
2242,0
2243,0
2244,2
2245,2
2246,0
2247,2
2248,1
2249,2
2250,2
2251,1
2252,0
2253,0
2254,2
2255,2
2256,2
2257,0
2258,1
2259,0
2260,0
2261,2
2262,0
2263,0
2264,2
2265,0
2266,0
2267,0
2268,0
2269,2
2270,2
2271,2
2272,0
2273,1
2274,0
2275,2
2276,0
2277,0
2278,2
2279,2
2280,0
2281,2
2282,0
2283,2
2284,2
2285,2
2286,2
2287,0
2288,0
2289,0
2290,0
2291,2
2292,2
2293,0
2294,0
2295,0
2296,0
2297,0
2298,0
2299,0
2300,0
2301,0
2302,1
2303,0
2304,0
2305,0
2306,1
2307,2
2308,2
2309,0
2310,2
2311,0
2312,2
2313,2
2314,2
2315,0
2316,0
2317,0
2318,0
2319,2
2320,0
2321,0
2322,1
2323,2
2324,0
2325,0
2326,2
2327,0
2328,2
2329,0
2330,2
2331,0
2332,1
2333,0
2334,2
2335,0
2336,1
2337,3
2338,0
2339,0
2340,2
2341,2
2342,0
2343,0
2344,0
2345,0
2346,1
2347,2
2348,1
2349,0
2350,2
2351,0
2352,0
2353,0
2354,0
2355,2
2356,0
2357,2
2358,0
2359,0
2360,0
2361,0
2362,1
2363,0
2364,2
2365,0
2366,2
2367,0
2368,0
2369,0
2370,0
2371,0
2372,0
2373,1
2374,0
2375,1
2376,0
2377,2
2378,0
2379,2
2380,0
2381,0
2382,0
2383,0
2384,0
2385,0
2386,1
2387,2
2388,0
2389,0
2390,1
2391,0
2392,2
2393,2
2394,0
2395,0
2396,1
2397,0
2398,0
2399,0
2400,0
2401,0
2402,0
2403,0
2404,1
2405,0
2406,0
2407,2
2408,0
2409,1
2410,2
2411,1
2412,2
2413,0
2414,0
2415,0
2416,0
2417,0
2418,2
2419,2
2420,0
2421,0
2422,0
2423,0
2424,0
2425,0
2426,0
2427,2
2428,0
2429,2
2430,2
2431,1
2432,0
2433,0
2434,0
2435,0
2436,2
2437,2
2438,0
2439,1
2440,0
2441,0
2442,1
2443,2
2444,2
2445,2
2446,0
2447,2
2448,2
2449,2
2450,0
2451,0
2452,0
2453,0
2454,0
2455,0
2456,0
2457,2
2458,0
2459,0
2460,0
2461,0
2462,2
2463,0
2464,1
2465,0
2466,2
2467,2
2468,0
2469,0
2470,0
2471,2
2472,2
2473,2
2474,0
2475,1
2476,0
2477,0
2478,0
2479,1
2480,0
2481,2
2482,0
2483,1
2484,0
2485,0
2486,0
2487,0
2488,0
2489,2
2490,0
2491,2
2492,1
2493,1
2494,0
2495,2
2496,0
2497,0
2498,0
2499,0
2500,0
2501,2
2502,0
2503,0
2504,0
2505,0
2506,2
2507,2
2508,1
2509,0
2510,2
2511,0
2512,2
2513,0
2514,0
2515,0
2516,0
2517,0
2518,0
2519,2
2520,2
2521,0
2522,2
2523,0
2524,3
2525,0
2526,2
2527,0
2528,2
2529,0
2530,3
2531,2
2532,0
2533,0
2534,1
2535,2
2536,2
2537,2
2538,0
2539,2
2540,0
2541,2
2542,0
2543,0
2544,2
2545,0
2546,0
2547,0
2548,2
2549,0
2550,0
2551,0
2552,2
2553,1
2554,0
2555,2
2556,2
2557,2
2558,0
2559,1
2560,0
2561,0
2562,2
2563,0
2564,0
2565,0
2566,0
2567,0
2568,1
2569,0
2570,3
2571,0
2572,3
2573,0
2574,2
2575,2
2576,0
2577,0
2578,0
2579,2
2580,0
2581,2
2582,0
2583,0
2584,0
2585,2
2586,0
2587,2
2588,0
2589,0
2590,1
2591,0
2592,0
2593,0
2594,0
2595,2
2596,0
2597,0
2598,0
2599,0
2600,2
2601,0
2602,0
2603,3
2604,2
2605,0
2606,0
2607,0
2608,0
2609,2
2610,0
2611,0
2612,0
2613,0
2614,2
2615,1
2616,0
2617,2
2618,0
2619,2
2620,0
2621,2
2622,0
2623,0
2624,0
2625,0
2626,2
2627,0
2628,0
2629,0
2630,0
2631,2
2632,0
2633,0
2634,2
2635,0
2636,0
2637,0
2638,0
2639,0
2640,0
2641,0
2642,0
2643,0
2644,2
2645,0
2646,0
2647,1
2648,0
2649,0
2650,2
2651,0
2652,2
2653,2
2654,2
2655,2
2656,0
2657,2
2658,0
2659,0
2660,0
2661,0
2662,1
2663,3
2664,2
2665,2
2666,2
2667,0
2668,2
2669,0
2670,0
2671,1
2672,2
2673,2
2674,0
2675,2
2676,0
2677,0
2678,0
2679,0
2680,2
2681,0
2682,0
2683,1
2684,0
2685,0
2686,0
2687,2
2688,2
2689,2
2690,0
2691,0
2692,1
2693,0
2694,2
2695,1
2696,2
2697,2
2698,0
2699,2
2700,0
2701,0
2702,0
2703,2
2704,0
2705,0
2706,1
2707,0
2708,0
2709,1
2710,0
2711,0
2712,2
2713,0
2714,2
2715,2
2716,2
2717,2
2718,0
2719,2
2720,0
2721,2
2722,2
2723,2
2724,3
2725,2
2726,1
2727,0
2728,0
2729,2
2730,0
2731,0
2732,2
2733,0
2734,2
2735,0
2736,0
2737,0
2738,2
2739,2
2740,0
2741,1
2742,0
2743,0
2744,0
2745,0
2746,0
2747,0
2748,0
2749,2
2750,2
2751,1
2752,0
2753,0
2754,0
2755,2
2756,1
2757,2
2758,2
2759,2
2760,0
2761,0
2762,2
2763,0
2764,2
2765,0
2766,2
2767,1
2768,0
2769,0
2770,1
2771,0
2772,0
2773,0
2774,0
2775,0
2776,0
2777,0
2778,0
2779,0
2780,2
2781,2
2782,0
2783,2
2784,0
2785,0
2786,0
2787,0
2788,2
2789,0
2790,1
2791,2
2792,0
2793,2
2794,0
2795,0
2796,0
2797,1
2798,0
2799,2
2800,0
2801,0
2802,0
2803,0
2804,0
2805,0
2806,0
2807,3
2808,2
2809,2
2810,2
2811,0
2812,0
2813,2
2814,2
2815,0
2816,0
2817,2
2818,0
2819,2
2820,0
2821,2
2822,2
2823,0
2824,2
2825,2
2826,2
2827,0
2828,3
2829,1
2830,2
2831,0
2832,0
2833,2
2834,1
2835,2
2836,0
2837,2
2838,0
2839,2
2840,0
2841,0
2842,2
2843,1
2844,0
2845,0
2846,0
2847,0
2848,0
2849,0
2850,2
2851,2
2852,0
2853,0
2854,0
2855,2
2856,0
2857,2
2858,1
2859,0
2860,0
2861,0
2862,1
2863,0
2864,0
2865,2
2866,2
2867,2
2868,2
2869,0
2870,0
2871,0
2872,0
2873,2
2874,0
2875,2
2876,3
2877,0
2878,0
2879,2
2880,2
2881,0
2882,0
2883,0
2884,2
2885,0
2886,2
2887,1
2888,1
2889,2
2890,2
2891,0
2892,0
2893,2
2894,1
2895,0
2896,1
2897,0
2898,0
2899,0
2900,0
2901,0
2902,2
2903,0
2904,0
2905,0
2906,2
2907,0
2908,1
2909,0
2910,2
2911,2
2912,0
2913,0
2914,0
2915,2
2916,2
2917,1
2918,0
2919,0
2920,2
2921,0
2922,0
2923,1
2924,0
2925,0
2926,0
2927,0
2928,0
2929,2
2930,0
2931,0
2932,0
2933,2
2934,0
2935,0
2936,0
2937,0
2938,2
2939,2
2940,2
2941,2
2942,0
2943,2
2944,2
2945,0
2946,2
2947,0
2948,2
2949,0
2950,2
2951,1
2952,0
2953,0
2954,0
2955,0
2956,1
2957,0
2958,0
2959,0
2960,0
2961,0
2962,1
2963,2
2964,2
2965,2
2966,2
2967,1
2968,0
2969,0
2970,0
2971,0
2972,0
2973,1
2974,1
2975,0
2976,0
2977,0
2978,0
2979,1
2980,2
2981,0
2982,2
2983,1
2984,3
2985,0
2986,0
2987,0
2988,2
2989,0
2990,0
2991,0
2992,0
2993,2
2994,0
2995,0
2996,0
2997,0
2998,0
2999,1
3000,2
3001,2
3002,0
3003,0
3004,2
3005,0
3006,0
3007,0
3008,2
3009,0
3010,2
3011,0
3012,1
3013,2
3014,2
3015,0
3016,0
3017,0
3018,0
3019,2
3020,2
3021,0
3022,2
3023,0
3024,2
3025,1
3026,0
3027,0
3028,0
3029,0
3030,2
3031,0
3032,0
3033,0
3034,0
3035,1
3036,0
3037,2
3038,0
3039,0
3040,0
3041,0
3042,2
3043,2
3044,2
3045,2
3046,0
3047,2
3048,0
3049,0
3050,0
3051,2
3052,2
3053,2
3054,0
3055,0
3056,0
3057,2
3058,2
3059,1
3060,0
3061,2
3062,0
3063,0
3064,2
3065,0
3066,0
3067,2
3068,2
3069,0
3070,0
3071,0
3072,1
3073,2
3074,0
3075,2
3076,2
3077,2
3078,0
3079,0
3080,0
3081,1
3082,0
3083,2
3084,0
3085,0
3086,0
3087,1
3088,0
3089,0
3090,2
3091,0
3092,2
3093,0
3094,0
3095,0
3096,2
3097,0
3098,0
3099,0
3100,2
3101,0
3102,0
3103,0
3104,0
3105,0
3106,2
3107,2
3108,1
3109,0
3110,1
3111,0
3112,0
3113,0
3114,2
3115,2
3116,2
3117,0
3118,0
3119,2
3120,2
3121,0
3122,2
3123,0
3124,0
3125,2
3126,0
3127,0
3128,2
3129,2
3130,0
3131,2
3132,0
3133,0
3134,0
3135,0
3136,0
3137,0
3138,1
3139,0
3140,1
3141,1
3142,0
3143,2
3144,0
3145,0
3146,2
3147,0
3148,0
3149,1
3150,3
3151,1
3152,0
3153,0
3154,2
3155,0
3156,0
3157,0
3158,0
3159,0
3160,2
3161,0
3162,1
3163,0
3164,0
3165,2
3166,0
3167,2
3168,0
3169,0
3170,1
3171,0
3172,3
3173,0
3174,0
3175,2
3176,0
3177,0
3178,0
3179,2
3180,1
3181,0
3182,0
3183,0
3184,3
3185,0
3186,0
3187,2
3188,1
3189,0
3190,2
3191,1
3192,2
3193,2
3194,2
3195,0
3196,2
3197,1
3198,0
3199,2
3200,0
3201,0
3202,3
3203,0
3204,0
3205,0
3206,0
3207,0
3208,0
3209,0
3210,0
3211,0
3212,2
3213,0
3214,2
3215,2
3216,0
3217,0
3218,0
3219,0
3220,2
3221,2
3222,0
3223,0
3224,0
3225,0
3226,0
3227,0
3228,0
3229,2
3230,0
3231,0
3232,2
3233,1
3234,0
3235,2
3236,0
3237,0
3238,2
3239,0
3240,2
3241,0
3242,2
3243,0
3244,2
3245,0
3246,2
3247,2
3248,1
3249,0
3250,0
3251,2
3252,2
3253,0
3254,0
3255,2
3256,1
3257,0
3258,0
3259,0
3260,0
3261,0
3262,2
3263,2
3264,0
3265,0
3266,0
3267,2
3268,2
3269,0
3270,0
3271,2
3272,0
3273,2
3274,0
3275,1
3276,2
3277,0
3278,0
3279,1
3280,0
3281,2
3282,1
3283,0
3284,0
3285,0
3286,2
3287,2
3288,2
3289,1
3290,0
3291,2
3292,0
3293,0
3294,2
3295,2
3296,0
3297,0
3298,0
3299,0
3300,0
3301,1
3302,2
3303,0
3304,2
3305,2
3306,0
3307,2
3308,0
3309,0
3310,2
3311,0
3312,0
3313,0
3314,2
3315,0
3316,2
3317,2
3318,2
3319,3
3320,0
3321,1
3322,0
3323,0
3324,2
3325,2
3326,2
3327,2
3328,0
3329,0
3330,0
3331,0
3332,2
3333,0
3334,2
3335,0
3336,0
3337,0
3338,1
3339,0
3340,0
3341,2
3342,2
3343,0
3344,2
3345,0
3346,1
3347,0
3348,0
3349,0
3350,0
3351,2
3352,0
3353,0
3354,0
3355,0
3356,0
3357,0
3358,0
3359,2
3360,2
3361,0
3362,0
3363,2
3364,0
3365,0
3366,1
3367,0
3368,0
3369,0
3370,1
3371,0
3372,1
3373,1
3374,0
3375,0
3376,0
3377,0
3378,0
3379,0
3380,1
3381,2
3382,0
3383,0
3384,0
3385,2
3386,0
3387,0
3388,1
3389,0
3390,2
3391,2
3392,0
3393,1
3394,0
3395,0
3396,0
3397,0
3398,2
3399,0
3400,2
3401,0
3402,2
3403,0
3404,0
3405,0
3406,2
3407,0
3408,2
3409,1
3410,2
3411,2
3412,2
3413,1
3414,2
3415,2
3416,0
3417,2
3418,1
3419,0
3420,2
3421,0
3422,0
3423,0
3424,0
3425,2
3426,2
3427,0
3428,0
3429,2
3430,0
3431,2
3432,1
3433,2
3434,2
3435,0
3436,0
3437,2
3438,0
3439,0
3440,2
3441,1
3442,0
3443,0
3444,0
3445,1
3446,0
3447,0
3448,0
3449,0
3450,0
3451,0
3452,1
3453,0
3454,0
3455,2
3456,0
3457,0
3458,0
3459,2
3460,0
3461,0
3462,2
3463,0
3464,2
3465,0
3466,0
3467,0
3468,2
3469,1
3470,0
3471,2
3472,2
3473,0
3474,2
3475,2
3476,0
3477,0
3478,2
3479,2
3480,0
3481,2
3482,2
3483,0
3484,2
3485,0
3486,2
3487,0
3488,0
3489,2
3490,0
3491,2
3492,2
3493,1
3494,0
3495,1
3496,0
3497,0
3498,0
3499,2
3500,0
3501,0
3502,0
3503,0
3504,0
3505,0
3506,2
3507,1
3508,2
3509,0
3510,0
3511,0
3512,2
3513,2
3514,0
3515,2
3516,0
3517,0
3518,2
3519,2
3520,1
3521,2
3522,0
3523,0
3524,0
3525,2
3526,0
3527,0
3528,3
3529,1
3530,0
3531,0
3532,2
3533,0
3534,3
3535,0
3536,0
3537,0
3538,0
3539,0
3540,0
3541,0
3542,0
3543,2
3544,0
3545,2
3546,0
3547,2
3548,3
3549,2
3550,0
3551,0
3552,1
3553,2
3554,2
3555,0
3556,0
3557,1
3558,2
3559,0
3560,2
3561,2
3562,0
3563,2
3564,1
3565,0
3566,0
3567,0
3568,0
3569,0
3570,0
3571,0
3572,0
3573,0
3574,0
3575,0
3576,2
3577,2
3578,1
3579,0
3580,0
3581,2
3582,0
3583,2
3584,0
3585,2
3586,1
3587,0
3588,0
3589,0
3590,1
3591,0
3592,2
3593,0
3594,0
3595,2
3596,2
3597,0
3598,2
3599,0
3600,0
3601,2
3602,0
3603,2
3604,1
3605,2
3606,0
3607,2
3608,0
3609,0
3610,0
3611,0
3612,1
3613,0
3614,0
3615,0
3616,0
3617,0
3618,1
3619,0
3620,1
3621,2
3622,0
3623,0
3624,1
3625,0
3626,0
3627,2
3628,2
3629,0
3630,0
3631,0
3632,2
3633,0
3634,0
3635,1
3636,0
3637,0
3638,0
3639,0
3640,0
3641,1
3642,0
3643,0
3644,2
3645,2
3646,2
3647,2
3648,0
3649,0
3650,0
3651,0
3652,2
3653,1
3654,0
3655,2
3656,2
3657,0
3658,2
3659,0
3660,0
3661,2
3662,2
3663,0
3664,1
3665,0
3666,0
3667,0
3668,0
3669,0
3670,2
3671,2
3672,1
3673,0
3674,2
3675,0
3676,0
3677,0
3678,1
3679,0
3680,0
3681,0
3682,2
3683,0
3684,0
3685,0
3686,0
3687,0
3688,0
3689,0
3690,0
3691,0
3692,2
3693,1
3694,0
3695,2
3696,0
3697,0
3698,0
3699,2
3700,1
3701,0
3702,0
3703,1
3704,0
3705,2
3706,2
3707,0
3708,0
3709,0
3710,0
3711,0
3712,2
3713,1
3714,0
3715,0
3716,1
3717,2
3718,2
3719,0
3720,0
3721,0
3722,2
3723,0
3724,2
3725,1
3726,2
3727,0
3728,3
3729,0
3730,0
3731,0
3732,0
3733,0
3734,2
3735,0
3736,0
3737,1
3738,0
3739,0
3740,1
3741,0
3742,0
3743,0
3744,1
3745,1
3746,0
3747,0
3748,0
3749,0
3750,0
3751,0
3752,2
3753,2
3754,0
3755,1
3756,2
3757,0
3758,1
3759,2
3760,1
3761,1
3762,0
3763,0
3764,0
3765,0
3766,0
3767,0
3768,2
3769,2
3770,2
3771,2
3772,0
3773,0
3774,2
3775,0
3776,1
3777,2
3778,2
3779,0
3780,0
3781,0
3782,0
3783,2
3784,2
3785,2
3786,0
3787,2
3788,2
3789,1
3790,0
3791,2
3792,0
3793,0
3794,1
3795,0
3796,2
3797,0
3798,2
3799,2
3800,0
3801,0
3802,0
3803,2
3804,0
3805,0
3806,2
3807,1
3808,0
3809,0
3810,0
3811,2
3812,0
3813,0
3814,2
3815,0
3816,1
3817,3
3818,0
3819,0
3820,0
3821,0
3822,2
3823,0
3824,0
3825,0
3826,0
3827,0
3828,1
3829,0
3830,2
3831,0
3832,0
3833,2
3834,0
3835,2
3836,0
3837,0
3838,2
3839,2
3840,0
3841,1
3842,1
3843,1
3844,0
3845,2
3846,0
3847,2
3848,0
3849,2
3850,0
3851,2
3852,0
3853,2
3854,0
3855,0
3856,0
3857,1
3858,2
3859,0
3860,0
3861,0
3862,2
3863,2
3864,0
3865,0
3866,0
3867,2
3868,0
3869,2
3870,2
3871,1
3872,2
3873,0
3874,0
3875,2
3876,0
3877,0
3878,1
3879,1
3880,2
3881,2
3882,1
3883,0
3884,1
3885,0
3886,1
3887,0
3888,1
3889,0
3890,0
3891,0
3892,2
3893,0
3894,1
3895,0
3896,0
3897,0
3898,2
3899,0
3900,2
3901,0
3902,0
3903,2
3904,0
3905,0
3906,2
3907,0
3908,0
3909,0
3910,0
3911,0
3912,0
3913,2
3914,0
3915,2
3916,0
3917,2
3918,0
3919,0
3920,0
3921,0
3922,0
3923,0
3924,0
3925,1
3926,0
3927,2
3928,0
3929,0
3930,2
3931,2
3932,2
3933,1
3934,0
3935,0
3936,1
3937,1
3938,1
3939,0
3940,0
3941,0
3942,0
3943,0
3944,0
3945,2
3946,0
3947,0
3948,2
3949,2
3950,2
3951,0
3952,0
3953,2
3954,0
3955,0
3956,0
3957,2
3958,0
3959,0
3960,1
3961,0
3962,2
3963,0
3964,1
3965,0
3966,0
3967,0
3968,1
3969,2
3970,3
3971,0
3972,0
3973,0
3974,0
3975,0
3976,0
3977,0
3978,1
3979,0
3980,1
3981,0
3982,0
3983,2
3984,0
3985,2
3986,0
3987,0
3988,0
3989,2
3990,2
3991,0
3992,0
3993,0
3994,0
3995,2
3996,0
3997,0
3998,0
3999,2
4000,0
4001,0
4002,0
4003,0
4004,0
4005,2
4006,0
4007,1
4008,0
4009,0
4010,0
4011,2
4012,2
4013,0
4014,2
4015,1
4016,2
4017,1
4018,0
4019,0
4020,0
4021,0
4022,0
4023,2
4024,2
4025,0
4026,2
4027,2
4028,0
4029,0
4030,0
4031,2
4032,0
4033,1
4034,3
4035,0
4036,0
4037,1
4038,2
4039,0
4040,0
4041,2
4042,1
4043,0
4044,0
4045,2
4046,0
4047,0
4048,0
4049,0
4050,0
4051,2
4052,0
4053,0
4054,0
4055,0
4056,0
4057,0
4058,0
4059,2
4060,2
4061,0
4062,0
4063,0
4064,0
4065,0
4066,0
4067,0
4068,0
4069,2
4070,2
4071,2
4072,2
4073,2
4074,2
4075,0
4076,0
4077,0
4078,1
4079,1
4080,2
4081,1
4082,0
4083,0
4084,1
4085,2
4086,0
4087,0
4088,0
4089,0
4090,2
4091,0
4092,0
4093,0
4094,0
4095,2
4096,2
4097,0
4098,1
4099,0
4100,2
4101,2
4102,2
4103,0
4104,0
4105,0
4106,2
4107,2
4108,0
4109,0
4110,3
4111,0
4112,0
4113,0
4114,0
4115,1
4116,0
4117,0
4118,0
4119,0
4120,1
4121,1
4122,0
4123,0
4124,0
4125,1
4126,0
4127,0
4128,0
4129,0
4130,0
4131,2
4132,2
4133,0
4134,1
4135,0
4136,2
4137,2
4138,0
4139,0
4140,0
4141,0
4142,0
4143,2
4144,0
4145,1
4146,1
4147,0
4148,0
4149,0
4150,0
4151,0
4152,0
4153,0
4154,0
4155,0
4156,0
4157,2
4158,0
4159,0
4160,0
4161,2
4162,2
4163,0
4164,1
4165,2
4166,0
4167,2
4168,2
4169,0
4170,0
4171,0
4172,0
4173,0
4174,0
4175,0
4176,0
4177,2
4178,0
4179,2
4180,2
4181,0
4182,1
4183,0
4184,1
4185,0
4186,2
4187,2
4188,0
4189,0
4190,0
4191,0
4192,2
4193,0
4194,0
4195,2
4196,0
4197,2
4198,2
4199,2
4200,0
4201,2
4202,2
4203,0
4204,0
4205,1
4206,0
4207,0
4208,2
4209,0
4210,0
4211,0
4212,0
4213,2
4214,2
4215,2
4216,0
4217,1
4218,0
4219,0
4220,0
4221,1
4222,0
4223,0
4224,2
4225,0
4226,0
4227,1
4228,0
4229,0
4230,2
4231,0
4232,0
4233,0
4234,3
4235,2
4236,0
4237,0
4238,0
4239,0
4240,2
4241,0
4242,2
4243,1
4244,2
4245,2
4246,0
4247,0
4248,0
4249,1
4250,0
4251,0
4252,0
4253,0
4254,0
4255,2
4256,1
4257,2
4258,2
4259,1
4260,0
4261,0
4262,0
4263,2
4264,0
4265,2
4266,1
4267,0
4268,0
4269,0
4270,0
4271,0
4272,0
4273,0
4274,0
4275,0
4276,1
4277,0
4278,2
4279,0
4280,0
4281,0
4282,2
4283,0
4284,2
4285,2
4286,0
4287,0
4288,1
4289,0
4290,0
4291,2
4292,2
4293,0
4294,2
4295,2
4296,0
4297,0
4298,1
4299,2
4300,0
4301,2
4302,0
4303,2
4304,2
4305,2
4306,2
4307,0
4308,0
4309,0
4310,0
4311,0
4312,0
4313,2
4314,2
4315,0
4316,2
4317,0
4318,2
4319,2
4320,0
4321,0
4322,0
4323,0
4324,2
4325,0
4326,0
4327,0
4328,0
4329,1
4330,0
4331,0
4332,1
4333,0
4334,0
4335,2
4336,0
4337,1
4338,2
4339,0
4340,2
4341,2
4342,0
4343,2
4344,0
4345,0
4346,0
4347,0
4348,0
4349,2
4350,2
4351,0
4352,2
4353,2
4354,0
4355,2
4356,0
4357,2
4358,0
4359,2
4360,0
4361,0
4362,0
4363,2
4364,0
4365,0
4366,0
4367,2
4368,0
4369,0
4370,2
4371,0
4372,2
4373,2
4374,0
4375,2
4376,2
4377,2
4378,0
4379,2
4380,0
4381,0
4382,0
4383,0
4384,0
4385,0
4386,0
4387,0
4388,0
4389,2
4390,2
4391,2
4392,0
4393,0
4394,0
4395,0
4396,0
4397,0
4398,1
4399,2
4400,2
4401,0
4402,0
4403,1
4404,2
4405,2
4406,2
4407,0
4408,0
4409,0
4410,0
4411,0
4412,0
4413,0
4414,0
4415,0
4416,0
4417,2
4418,0
4419,1
4420,0
4421,0
4422,2
4423,1
4424,0
4425,2
4426,0
4427,1
4428,0
4429,0
4430,0
4431,0
4432,0
4433,2
4434,0
4435,0
4436,2
4437,2
4438,0
4439,2
4440,0
4441,0
4442,2
4443,0
4444,0
4445,0
4446,2
4447,1
4448,0
4449,2
4450,2
4451,0
4452,2
4453,2
4454,0
4455,0
4456,2
4457,0
4458,1
4459,0
4460,2
4461,0
4462,2
4463,0
4464,0
4465,0
4466,0
4467,0
4468,0
4469,0
4470,1
4471,0
4472,3
4473,0
4474,0
4475,2
4476,0
4477,1
4478,1
4479,0
4480,2
4481,0
4482,2
4483,2
4484,0
4485,2
4486,0
4487,0
4488,0
4489,0
4490,0
4491,0
4492,0
4493,0
4494,2
4495,0
4496,0
4497,0
4498,0
4499,0
4500,1
4501,2
4502,2
4503,2
4504,2
4505,0
4506,2
4507,2
4508,1
4509,0
4510,0
4511,0
4512,1
4513,0
4514,2
4515,1
4516,2
4517,0
4518,0
4519,0
4520,0
4521,0
4522,1
4523,0
4524,0
4525,2
4526,0
4527,2
4528,1
4529,0
4530,0
4531,1
4532,0
4533,0
4534,0
4535,0
4536,0
4537,2
4538,0
4539,1
4540,2
4541,0
4542,2
4543,2
4544,0
4545,0
4546,0
4547,0
4548,0
4549,2
4550,1
4551,0
4552,0
4553,2
4554,0
4555,2
4556,2
4557,2
4558,0
4559,0
4560,2
4561,0
4562,2
4563,0
4564,2
4565,0
4566,2
4567,2
4568,2
4569,2
4570,2
4571,0
4572,2
4573,0
4574,0
4575,0
4576,0
4577,2
4578,0
4579,0
4580,2
4581,0
4582,1
4583,1
4584,0
4585,0
4586,2
4587,2
4588,0
4589,2
4590,0
4591,0
4592,0
4593,0
4594,2
4595,0
4596,2
4597,0
4598,1
4599,0
4600,2
4601,0
4602,2
4603,2
4604,2
4605,0
4606,1
4607,2
4608,0
4609,0
4610,0
4611,0
4612,2
4613,2
4614,0
4615,0
4616,2
4617,0
4618,0
4619,0
4620,2
4621,0
4622,2
4623,0
4624,0
4625,0
4626,2
4627,0
4628,0
4629,0
4630,0
4631,2
4632,0
4633,2
4634,2
4635,1
4636,2
4637,2
4638,0
4639,2
4640,2
4641,0
4642,0
4643,1
4644,0
4645,2
4646,1
4647,0
4648,0
4649,0
4650,2
4651,2
4652,0
4653,2
4654,2
4655,0
4656,0
4657,0
4658,0
4659,0
4660,0
4661,2
4662,0
4663,2
4664,2
4665,0
4666,2
4667,2
4668,0
4669,1
4670,0
4671,2
4672,0
4673,0
4674,2
4675,0
4676,0
4677,0
4678,0
4679,0
4680,2
4681,0
4682,0
4683,3
4684,0
4685,2
4686,0
4687,0
4688,2
4689,2
4690,0
4691,0
4692,0
4693,0
4694,1
4695,0
4696,1
4697,2
4698,2
4699,2
4700,0
4701,2
4702,0
4703,2
4704,0
4705,0
4706,0
4707,2
4708,2
4709,0
4710,0
4711,2
4712,2
4713,0
4714,2
4715,1
4716,2
4717,1
4718,0
4719,0
4720,2
4721,2
4722,2
4723,0
4724,0
4725,0
4726,2
4727,0
4728,0
4729,0
4730,0
4731,2
4732,0
4733,0
4734,0
4735,0
4736,2
4737,0
4738,0
4739,0
4740,0
4741,2
4742,0
4743,0
4744,2
4745,1
4746,2
4747,0
4748,0
4749,0
4750,2
4751,2
4752,0
4753,0
4754,2
4755,1
4756,1
4757,0
4758,2
4759,1
4760,0
4761,1
4762,2
4763,0
4764,2
4765,0
4766,2
4767,2
4768,2
4769,2
4770,1
4771,0
4772,1
4773,0
4774,2
4775,2
4776,1
4777,0
4778,0
4779,1
4780,0
4781,0
4782,0
4783,1
4784,0
4785,1
4786,2
4787,2
4788,0
4789,0
4790,0
4791,0
4792,0
4793,2
4794,0
4795,2
4796,0
4797,0
4798,0
4799,2
4800,0
4801,2
4802,2
4803,0
4804,0
4805,0
4806,2
4807,0
4808,2
4809,0
4810,0
4811,2
4812,0
4813,2
4814,0
4815,0
4816,1
4817,2
4818,2
4819,0
4820,0
4821,0
4822,0
4823,0
4824,2
4825,0
4826,0
4827,0
4828,2
4829,3
4830,0
4831,1
4832,0
4833,0
4834,0
4835,0
4836,1
4837,1
4838,2
4839,2
4840,0
4841,0
4842,1
4843,2
4844,0
4845,2
4846,0
4847,1
4848,0
4849,0
4850,0
4851,0
4852,0
4853,2
4854,2
4855,0
4856,0
4857,0
4858,2
4859,0
4860,0
4861,0
4862,1
4863,0
4864,0
4865,0
4866,0
4867,0
4868,1
4869,2
4870,2
4871,1
4872,1
4873,2
4874,0
4875,2
4876,2
4877,2
4878,0
4879,0
4880,0
4881,0
4882,0
4883,0
4884,0
4885,1
4886,0
4887,2
4888,0
4889,0
4890,0
4891,2
4892,0
4893,0
4894,0
4895,2
4896,0
4897,0
4898,0
4899,0
4900,0
4901,2
4902,0
4903,0
4904,0
4905,1
4906,0
4907,0
4908,0
4909,0
4910,2
4911,2
4912,0
4913,0
4914,0
4915,0
4916,2
4917,0
4918,1
4919,2
4920,0
4921,2
4922,2
4923,1
4924,0
4925,0
4926,1
4927,2
4928,1
4929,1
4930,0
4931,0
4932,2
4933,0
4934,0
4935,1
4936,0
4937,0
4938,0
4939,0
4940,2
4941,2
4942,0
4943,2
4944,0
4945,2
4946,0
4947,2
4948,2
4949,2
4950,2
4951,0
4952,2
4953,1
4954,0
4955,2
4956,2
4957,0
4958,0
4959,0
4960,0
4961,2
4962,0
4963,2
4964,2
4965,0
4966,0
4967,0
4968,0
4969,2
4970,2
4971,1
4972,2
4973,2
4974,1
4975,0
4976,0
4977,2
4978,2
4979,0
4980,2
4981,0
4982,2
4983,0
4984,0
4985,1
4986,3
4987,0
4988,2
4989,0
4990,2
4991,0
4992,0
4993,0
4994,0
4995,0
4996,0
4997,2
4998,0
4999,0
5000,0
5001,0
5002,0
5003,0
5004,0
5005,2
5006,0
5007,0
5008,0
5009,0
5010,0
5011,0
5012,0
5013,2
5014,2
5015,0
5016,0
5017,0
5018,2
5019,0
5020,2
5021,0
5022,0
5023,0
5024,0
5025,1
5026,0
5027,1
5028,3
5029,0
5030,0
5031,0
5032,0
5033,0
5034,0
5035,1
5036,1
5037,2
5038,0
5039,0
5040,2
5041,0
5042,2
5043,0
5044,0
5045,2
5046,2
5047,0
5048,0
5049,0
5050,2
5051,0
5052,2
5053,0
5054,2
5055,0
5056,2
5057,2
5058,0
5059,2
5060,0
5061,1
5062,1
5063,0
5064,2
5065,0
5066,1
5067,0
5068,2
5069,2
5070,0
5071,1
5072,0
5073,2
5074,0
5075,2
5076,0
5077,2
5078,0
5079,1
5080,0
5081,0
5082,0
5083,1
5084,0
5085,2
5086,1
5087,0
5088,2
5089,2
5090,0
5091,0
5092,0
5093,2
5094,1
5095,0
5096,0
5097,2
5098,0
5099,1
5100,2
5101,0
5102,2
5103,0
5104,0
5105,0
5106,0
5107,0
5108,0
5109,2
5110,0
5111,0
5112,0
5113,0
5114,2
5115,2
5116,0
5117,1
5118,0
5119,1
5120,2
5121,0
5122,0
5123,2
5124,0
5125,0
5126,0
5127,0
5128,0
5129,2
5130,2
5131,0
5132,0
5133,2
5134,0
5135,0
5136,0
5137,0
5138,1
5139,2
5140,0
5141,0
5142,2
5143,0
5144,0
5145,0
5146,0
5147,0
5148,0
5149,0
5150,0
5151,0
5152,2
5153,0
5154,2
5155,0
5156,0
5157,0
5158,1
5159,0
5160,2
5161,0
5162,0
5163,0
5164,0
5165,0
5166,2
5167,2
5168,2
5169,1
5170,1
5171,3
5172,0
5173,0
5174,2
5175,1
5176,0
5177,0
5178,2
5179,0
5180,0
5181,2
5182,0
5183,0
5184,0
5185,0
5186,2
5187,3
5188,0
5189,0
5190,0
5191,0
5192,0
5193,2
5194,0
5195,2
5196,2
5197,0
5198,0
5199,1
5200,2
5201,0
5202,2
5203,1
5204,2
5205,0
5206,0
5207,2
5208,2
5209,0
5210,2
5211,0
5212,0
5213,0
5214,2
5215,0
5216,1
5217,2
5218,2
5219,1
5220,0
5221,2
5222,2
5223,0
5224,2
5225,0
5226,2
5227,0
5228,0
5229,2
5230,2
5231,0
5232,0
5233,0
5234,2
5235,0
5236,2
5237,0
5238,1
5239,0
5240,0
5241,0
5242,2
5243,2
5244,0
5245,2
5246,0
5247,2
5248,2
5249,1
5250,0
5251,2
5252,2
5253,2
5254,0
5255,1
5256,0
5257,2
5258,0
5259,0
5260,0
5261,2
5262,0
5263,0
5264,0
5265,3
5266,0
5267,0
5268,1
5269,0
5270,1
5271,1
5272,0
5273,0
5274,1
5275,0
5276,0
5277,0
5278,0
5279,0
5280,0
5281,1
5282,0
5283,0
5284,1
5285,1
5286,0
5287,1
5288,1
5289,0
5290,0
5291,0
5292,2
5293,0
5294,0
5295,0
5296,0
5297,0
5298,1
5299,2
5300,0
5301,2
5302,2
5303,0
5304,0
5305,0
5306,1
5307,0
5308,0
5309,0
5310,0
5311,0
5312,2
5313,1
5314,2
5315,2
5316,0
5317,0
5318,2
5319,0
5320,1
5321,0
5322,2
5323,0
5324,0
5325,0
5326,2
5327,1
5328,0
5329,0
5330,0
5331,1
5332,0
5333,2
5334,2
5335,2
5336,2
5337,1
5338,2
5339,2
5340,0
5341,0
5342,1
5343,0
5344,0
5345,0
5346,0
5347,0
5348,2
5349,0
5350,2
5351,1
5352,0
5353,2
5354,0
5355,0
5356,2
5357,2
5358,2
5359,2
5360,0
5361,1
5362,0
5363,0
5364,0
5365,0
5366,2
5367,2
5368,1
5369,0
5370,0
5371,0
5372,0
5373,1
5374,0
5375,0
5376,1
5377,1
5378,2
5379,2
5380,2
5381,2
5382,0
5383,0
5384,0
5385,0
5386,0
5387,2
5388,2
5389,0
5390,0
5391,0
5392,0
5393,0
5394,0
5395,1
5396,2
5397,0
5398,0
5399,0
5400,0
5401,2
5402,2
5403,1
5404,0
5405,0
5406,2
5407,0
5408,2
5409,2
5410,0
5411,0
5412,3
5413,0
5414,2
5415,0
5416,0
5417,2
5418,0
5419,2
5420,2
5421,0
5422,1
5423,0
5424,0
5425,0
5426,2
5427,2
5428,2
5429,0
5430,0
5431,0
5432,2
5433,2
5434,0
5435,0
5436,0
5437,1
5438,0
5439,0
5440,2
5441,2
5442,0
5443,0
5444,0
5445,0
5446,2
5447,0
5448,0
5449,0
5450,0
5451,0
5452,0
5453,0
5454,1
5455,2
5456,1
5457,2
5458,2
5459,0
5460,3
5461,0
5462,1
5463,2
5464,0
5465,0
5466,0
5467,2
5468,0
5469,2
5470,0
5471,3
5472,0
5473,0
5474,2
5475,2
5476,0
5477,0
5478,2
5479,0
5480,0
5481,0
5482,0
5483,3
5484,0
5485,2
5486,2
5487,0
5488,1
5489,0
5490,0
5491,0
5492,0
5493,2
5494,0
5495,0
5496,0
5497,0
5498,2
5499,0
5500,0
5501,2
5502,2
5503,0
5504,2
5505,2
5506,0
5507,0
5508,2
5509,0
5510,0
5511,2
5512,0
5513,0
5514,2
5515,0
5516,0
5517,0
5518,2
5519,0
5520,1
5521,0
5522,0
5523,0
5524,0
5525,1
5526,2
5527,2
5528,0
5529,0
5530,0
5531,0
5532,2
5533,2
5534,0
5535,2
5536,2
5537,0
5538,0
5539,0
5540,2
5541,2
5542,1
5543,1
5544,2
5545,2
5546,2
5547,2
5548,0
5549,1
5550,0
5551,2
5552,2
5553,0
5554,0
5555,0
5556,2
5557,0
5558,0
5559,0
5560,0
5561,0
5562,1
5563,0
5564,2
5565,0
5566,0
5567,1
5568,1
5569,0
5570,0
5571,2
5572,2
5573,2
5574,0
5575,2
5576,2
5577,0
5578,2
5579,0
5580,2
5581,0
5582,2
5583,0
5584,0
5585,2
5586,1
5587,0
5588,0
5589,0
5590,2
5591,1
5592,0
5593,0
5594,0
5595,0
5596,3
5597,2
5598,1
5599,0
5600,0
5601,1
5602,2
5603,0
5604,2
5605,0
5606,0
5607,2
5608,2
5609,0
5610,0
5611,0
5612,2
5613,2
5614,0
5615,0
5616,0
5617,0
5618,2
5619,2
5620,0
5621,0
5622,1
5623,2
5624,0
5625,0
5626,0
5627,2
5628,2
5629,2
5630,0
5631,0
5632,2
5633,0
5634,0
5635,1
5636,2
5637,3
5638,2
5639,2
5640,0
5641,0
5642,0
5643,0
5644,0
5645,0
5646,2
5647,0
5648,2
5649,0
5650,1
5651,2
5652,0
5653,2
5654,3
5655,0
5656,3
5657,2
5658,2
5659,0
5660,0
5661,0
5662,0
5663,0
5664,0
5665,0
5666,0
5667,0
5668,1
5669,2
5670,0
5671,0
5672,0
5673,0
5674,2
5675,2
5676,0
5677,0
5678,2
5679,2
5680,0
5681,0
5682,0
5683,0
5684,0
5685,0
5686,2
5687,2
5688,2
5689,0
5690,0
5691,2
5692,0
5693,0
5694,0
5695,0
5696,2
5697,1
5698,0
5699,0
5700,0
5701,2
5702,2
5703,0
5704,0
5705,2
5706,0
5707,0
5708,0
5709,0
5710,2
5711,0
5712,0
5713,1
5714,2
5715,2
5716,2
5717,1
5718,0
5719,0
5720,0
5721,1
5722,2
5723,1
5724,2
5725,0
5726,2
5727,0
5728,2
5729,0
5730,1
5731,2
5732,0
5733,2
5734,0
5735,1
5736,0
5737,2
5738,0
5739,2
5740,0
5741,0
5742,1
5743,2
5744,1
5745,2
5746,0
5747,0
5748,2
5749,2
5750,2
5751,2
5752,0
5753,0
5754,0
5755,0
5756,0
5757,0
5758,0
5759,2
5760,2
5761,0
5762,0
5763,0
5764,0
5765,1
5766,0
5767,0
5768,0
5769,0
5770,0
5771,2
5772,1
5773,2
5774,0
5775,0
5776,0
5777,2
5778,2
5779,0
5780,0
5781,0
5782,1
5783,0
5784,2
5785,1
5786,0
5787,2
5788,0
5789,0
5790,0
5791,0
5792,0
5793,0
5794,2
5795,0
5796,0
5797,0
5798,0
5799,0
5800,0
5801,0
5802,2
5803,0
5804,0
5805,2
5806,2
5807,0
5808,1
5809,1
5810,2
5811,0
5812,1
5813,0
5814,2
5815,1
5816,0
5817,1
5818,2
5819,0
5820,0
5821,2
5822,2
5823,0
5824,0
5825,1
5826,0
5827,1
5828,2
5829,0
5830,0
5831,0
5832,0
5833,2
5834,1
5835,0
5836,0
5837,0
5838,0
5839,0
5840,2
5841,0
5842,2
5843,0
5844,0
5845,2
5846,0
5847,0
5848,0
5849,0
5850,0
5851,0
5852,0
5853,0
5854,0
5855,2
5856,0
5857,2
5858,0
5859,2
5860,1
5861,2
5862,2
5863,2
5864,1
5865,2
5866,0
5867,0
5868,2
5869,0
5870,0
5871,2
5872,0
5873,2
5874,2
5875,0
5876,1
5877,0
5878,0
5879,0
5880,1
5881,0
5882,0
5883,0
5884,2
5885,2
5886,0
5887,0
5888,0
5889,0
5890,2
5891,2
5892,0
5893,0
5894,0
5895,3
5896,2
5897,2
5898,2
5899,0
5900,0
5901,0
5902,0
5903,2
5904,0
5905,0
5906,2
5907,0
5908,1
5909,2
5910,0
5911,0
5912,0
5913,0
5914,0
5915,0
5916,0
5917,1
5918,0
5919,0
5920,0
5921,2
5922,0
5923,0
5924,2
5925,0
5926,1
5927,1
5928,2
5929,2
5930,0
5931,2
5932,2
5933,0
5934,0
5935,1
5936,0
5937,0
5938,2
5939,0
5940,0
5941,0
5942,0
5943,1
5944,2
5945,0
5946,0
5947,0
5948,0
5949,1
5950,0
5951,2
5952,0
5953,2
5954,2
5955,2
5956,0
5957,0
5958,2
5959,0
5960,1
5961,0
5962,0
5963,1
5964,2
5965,0
5966,0
5967,1
5968,0
5969,0
5970,0
5971,0
5972,2
5973,0
5974,0
5975,2
5976,2
5977,2
5978,0
5979,0
5980,2
5981,0
5982,0
5983,2
5984,2
5985,0
5986,0
5987,2
5988,2
5989,0
5990,0
5991,2
5992,0
5993,0
5994,0
5995,1
5996,0
5997,0
5998,0
5999,1
6000,0
6001,0
6002,0
6003,2
6004,2
6005,1
6006,0
6007,1
6008,2
6009,0
6010,0
6011,0
6012,0
6013,0
6014,2
6015,0
6016,0
6017,0
6018,0
6019,0
6020,0
6021,0
6022,1
6023,1
6024,2
6025,1
6026,0
6027,0
6028,0
6029,2
6030,0
6031,0
6032,0
6033,0
6034,0
6035,2
6036,2
6037,0
6038,0
6039,0
6040,0
6041,2
6042,0
6043,2
6044,2
6045,2
6046,2
6047,0
6048,1
6049,0
6050,0
6051,0
6052,0
6053,0
6054,0
6055,0
6056,0
6057,0
6058,2
6059,1
6060,2
6061,0
6062,0
6063,0
6064,0
6065,0
6066,0
6067,0
6068,0
6069,2
6070,0
6071,2
6072,0
6073,0
6074,2
6075,0
6076,2
6077,2
6078,1
6079,0
6080,0
6081,0
6082,1
6083,0
6084,2
6085,0
6086,2
6087,1
6088,2
6089,1
6090,0
6091,3
6092,0
6093,2
6094,0
6095,0
6096,0
6097,0
6098,0
6099,1
6100,0
6101,2
6102,0
6103,2
6104,0
6105,0
6106,2
6107,0
6108,2
6109,0
6110,2
6111,2
6112,0
6113,1
6114,2
6115,1
6116,0
6117,2
6118,0
6119,1
6120,2
6121,0
6122,0
6123,0
6124,0
6125,2
6126,0
6127,0
6128,0
6129,2
6130,0
6131,0
6132,0
6133,0
6134,2
6135,2
6136,1
6137,0
6138,0
6139,2
6140,3
6141,0
6142,2
6143,1
6144,0
6145,2
6146,2
6147,0
6148,0
6149,2
6150,1
6151,0
6152,1
6153,0
6154,0
6155,0
6156,2
6157,0
6158,0
6159,0
6160,2
6161,0
6162,0
6163,0
6164,2
6165,0
6166,0
6167,0
6168,0
6169,0
6170,2
6171,0
6172,0
6173,2
6174,0
6175,1
6176,2
6177,1
6178,0
6179,1
6180,0
6181,2
6182,2
6183,2
6184,0
6185,0
6186,2
6187,2
6188,1
6189,0
6190,0
6191,0
6192,0
6193,2
6194,2
6195,2
6196,2
6197,0
6198,0
6199,0
6200,0
6201,0
6202,0
6203,2
6204,0
6205,2
6206,2
6207,2
6208,2
6209,0
6210,2
6211,0
6212,0
6213,0
6214,2
6215,0
6216,0
6217,0
6218,2
6219,0
6220,0
6221,2
6222,2
6223,2
6224,0
6225,1
6226,2
6227,0
6228,0
6229,2
6230,2
6231,0
6232,2
6233,2
6234,2
6235,0
6236,0
6237,2
6238,0
6239,0
6240,0
6241,0
6242,1
6243,2
6244,2
6245,0
6246,0
6247,0
6248,2
6249,3
6250,0
6251,0
6252,2
6253,0
6254,0
6255,0
6256,0
6257,0
6258,0
6259,0
6260,0
6261,0
6262,2
6263,0
6264,0
6265,0
6266,1
6267,0
6268,0
6269,0
6270,0
6271,0
6272,0
6273,2
6274,0
6275,2
6276,0
6277,2
6278,0
6279,0
6280,2
6281,1
6282,2
6283,0
6284,2
6285,2
6286,0
6287,2
6288,2
6289,0
6290,0
6291,2
6292,2
6293,0
6294,0
6295,1
6296,0
6297,0
6298,0
6299,0
6300,2
6301,0
6302,0
6303,0
6304,0
6305,2
6306,0
6307,0
6308,2
6309,1
6310,2
6311,2
6312,0
6313,0
6314,0
6315,0
6316,0
6317,0
6318,0
6319,0
6320,0
6321,2
6322,0
6323,0
6324,2
6325,2
6326,0
6327,0
6328,2
6329,2
6330,2
6331,2
6332,2
6333,0
6334,0
6335,0
6336,0
6337,2
6338,0
6339,0
6340,0
6341,0
6342,0
6343,0
6344,2
6345,2
6346,0
6347,1
6348,0
6349,0
6350,0
6351,0
6352,0
6353,2
6354,2
6355,0
6356,0
6357,0
6358,0
6359,2
6360,0
6361,2
6362,1
6363,0
6364,0
6365,0
6366,0
6367,2
6368,1
6369,2
6370,2
6371,2
6372,2
6373,0
6374,0
6375,0
6376,0
6377,0
6378,2
6379,0
6380,2
6381,0
6382,2
6383,0
6384,0
6385,0
6386,2
6387,0
6388,0
6389,0
6390,0
6391,1
6392,2
6393,2
6394,0
6395,3
6396,0
6397,0
6398,2
6399,2
6400,0
6401,2
6402,0
6403,0
6404,2
6405,0
6406,0
6407,0
6408,0
6409,2
6410,0
6411,0
6412,2
6413,0
6414,1
6415,0
6416,2
6417,0
6418,0
6419,0
6420,2
6421,0
6422,1
6423,0
6424,2
6425,0
6426,0
6427,0
6428,0
6429,0
6430,0
6431,2
6432,2
6433,2
6434,2
6435,2
6436,1
6437,0
6438,0
6439,1
6440,0
6441,2
6442,2
6443,0
6444,1
6445,3
6446,2
6447,0
6448,0
6449,2
6450,2
6451,0
6452,2
6453,0
6454,0
6455,2
6456,0
6457,2
6458,0
6459,3
6460,0
6461,2
6462,2
6463,0
6464,0
6465,2
6466,2
6467,0
6468,0
6469,0
6470,2
6471,0
6472,0
6473,0
6474,2
6475,2
6476,0
6477,2
6478,0
6479,2
6480,0
6481,0
6482,0
6483,2
6484,0
6485,1
6486,0
6487,0
6488,1
6489,0
6490,1
6491,2
6492,0
6493,0
6494,0
6495,0
6496,2
6497,2
6498,0
6499,0
6500,1
6501,0
6502,2
6503,0
6504,0
6505,2
6506,0
6507,0
6508,0
6509,2
6510,0
6511,2
6512,0
6513,2
6514,2
6515,0
6516,0
6517,0
6518,0
6519,0
6520,2
6521,0
6522,0
6523,0
6524,2
6525,0
6526,2
6527,2
6528,0
6529,1
6530,2
6531,2
6532,2
6533,0
6534,0
6535,2
6536,1
6537,0
6538,0
6539,0
6540,2
6541,0
6542,2
6543,0
6544,0
6545,2
6546,2
6547,2
6548,0
6549,0
6550,0
6551,0
6552,1
6553,0
6554,0
6555,0
6556,0
6557,0
6558,2
6559,0
6560,2
6561,0
6562,1
6563,0
6564,2
6565,0
6566,0
6567,0
6568,2
6569,0
6570,0
6571,0
6572,2
6573,0
6574,0
6575,2
6576,0
6577,0
6578,0
6579,2
6580,0
6581,0
6582,0
6583,0
6584,0
6585,2
6586,0
6587,2
6588,0
6589,0
6590,2
6591,0
6592,0
6593,2
6594,1
6595,0
6596,0
6597,0
6598,2
6599,0
6600,1
6601,0
6602,0
6603,1
6604,2
6605,2
6606,0
6607,2
6608,0
6609,1
6610,0
6611,0
6612,2
6613,0
6614,0
6615,0
6616,0
6617,0
6618,2
6619,1
6620,1
6621,0
6622,2
6623,0
6624,2
6625,2
6626,0
6627,0
6628,0
6629,0
6630,2
6631,2
6632,1
6633,2
6634,0
6635,0
6636,1
6637,2
6638,1
6639,2
6640,0
6641,0
6642,1
6643,0
6644,0
6645,0
6646,0
6647,1
6648,0
6649,0
6650,0
6651,0
6652,0
6653,0
6654,1
6655,0
6656,0
6657,2
6658,0
6659,0
6660,0
6661,0
6662,2
6663,0
6664,0
6665,0
6666,2
6667,2
6668,2
6669,2
6670,0
6671,0
6672,0
6673,0
6674,0
6675,2
6676,2
6677,0
6678,1
6679,3
6680,3
6681,2
6682,2
6683,1
6684,1
6685,0
6686,0
6687,2
6688,0
6689,2
6690,2
6691,1
6692,1
6693,0
6694,0
6695,0
6696,1
6697,0
6698,0
6699,0
6700,3
6701,0
6702,1
6703,2
6704,0
6705,0
6706,2
6707,0
6708,0
6709,2
6710,0
6711,1
6712,0
6713,1
6714,0
6715,0
6716,0
6717,0
6718,2
6719,2
6720,0
6721,1
6722,0
6723,0
6724,0
6725,1
6726,0
6727,0
6728,0
6729,2
6730,2
6731,0
6732,2
6733,2
6734,0
6735,2
6736,0
6737,2
6738,0
6739,0
6740,3
6741,2
6742,2
6743,0
6744,0
6745,0
6746,0
6747,0
6748,0
6749,2
6750,0
6751,0
6752,0
6753,0
6754,0
6755,2
6756,1
6757,2
6758,0
6759,0
6760,0
6761,2
6762,2
6763,0
6764,0
6765,0
6766,0
6767,0
6768,1
6769,2
6770,0
6771,0
6772,0
6773,2
6774,0
6775,0
6776,0
6777,0
6778,1
6779,0
6780,1
6781,0
6782,0
6783,0
6784,0
6785,0
6786,0
6787,0
6788,0
6789,0
6790,1
6791,2
6792,0
6793,2
6794,0
6795,0
6796,0
6797,0
6798,0
6799,0
6800,0
6801,0
6802,2
6803,2
6804,0
6805,1
6806,0
6807,0
6808,0
6809,2
6810,0
6811,0
6812,0
6813,0
6814,0
6815,0
6816,0
6817,1
6818,2
6819,1
6820,2
6821,1
6822,2
6823,2
6824,2
6825,1
6826,0
6827,1
6828,1
6829,0
6830,0
6831,0
6832,2
6833,2
6834,0
6835,0
6836,0
6837,2
6838,2
6839,0
6840,0
6841,2
6842,0
6843,1
6844,0
6845,2
6846,1
6847,0
6848,2
6849,0
6850,0
6851,0
6852,0
6853,0
6854,0
6855,0
6856,2
6857,0
6858,0
6859,1
6860,1
6861,0
6862,0
6863,1
6864,0
6865,0
6866,1
6867,2
6868,0
6869,2
6870,0
6871,2
6872,2
6873,0
6874,0
6875,0
6876,0
6877,2
6878,0
6879,2
6880,2
6881,1
6882,0
6883,0
6884,1
6885,2
6886,2
6887,0
6888,0
6889,2
6890,2
6891,0
6892,1
6893,1
6894,1
6895,2
6896,1
6897,0
6898,2
6899,0
6900,1
6901,0
6902,1
6903,2
6904,0
6905,0
6906,0
6907,0
6908,2
6909,0
6910,2
6911,0
6912,0
6913,0
6914,0
6915,2
6916,2
6917,0
6918,0
6919,0
6920,0
6921,0
6922,2
6923,0
6924,2
6925,2
6926,2
6927,1
6928,0
6929,0
6930,0
6931,2
6932,0
6933,2
6934,1
6935,0
6936,0
6937,0
6938,0
6939,0
6940,0
6941,2
6942,0
6943,0
6944,1
6945,0
6946,0
6947,2
6948,2
6949,0
6950,0
6951,1
6952,0
6953,0
6954,0
6955,0
6956,0
6957,2
6958,0
6959,0
6960,2
6961,0
6962,0
6963,0
6964,2
6965,0
6966,1
6967,0
6968,0
6969,0
6970,0
6971,0
6972,2
6973,0
6974,2
6975,1
6976,0
6977,0
6978,0
6979,0
6980,0
6981,0
6982,0
6983,2
6984,2
6985,2
6986,0
6987,2
6988,0
6989,0
6990,0
6991,1
6992,0
6993,1
6994,0
6995,2
6996,0
6997,1
6998,0
6999,0
7000,0
7001,0
7002,0
7003,0
7004,0
7005,0
7006,2
7007,0
7008,2
7009,0
7010,1
7011,2
7012,0
7013,2
7014,0
7015,0
7016,1
7017,2
7018,2
7019,2
7020,0
7021,0
7022,1
7023,0
7024,0
7025,2
7026,0
7027,2
7028,2
7029,2
7030,2
7031,1
7032,0
7033,0
7034,0
7035,1
7036,1
7037,0
7038,0
7039,0
7040,0
7041,2
7042,0
7043,2
7044,0
7045,0
7046,0
7047,0
7048,0
7049,0
7050,0
7051,2
7052,0
7053,2
7054,2
7055,0
7056,2
7057,2
7058,0
7059,2
7060,0
7061,0
7062,0
7063,1
7064,2
7065,2
7066,2
7067,2
7068,1
7069,0
7070,0
7071,0
7072,0
7073,1
7074,1
7075,1
7076,0
7077,1
7078,2
7079,0
7080,0
7081,0
7082,0
7083,0
7084,0
7085,0
7086,2
7087,0
7088,2
7089,2
7090,0
7091,0
7092,0
7093,2
7094,0
7095,0
7096,1
7097,0
7098,0
7099,3
7100,0
7101,2
7102,0
7103,0
7104,2
7105,2
7106,1
7107,2
7108,2
7109,0
7110,1
7111,2
7112,0
7113,0
7114,0
7115,2
7116,2
7117,2
7118,0
7119,0
7120,0
7121,0
7122,0
7123,0
7124,0
7125,0
7126,0
7127,1
7128,1
7129,1
7130,0
7131,0
7132,2
7133,0
7134,2
7135,2
7136,0
7137,3
7138,0
7139,2
7140,0
7141,2
7142,2
7143,1
7144,2
7145,1
7146,2
7147,0
7148,0
7149,0
7150,2
7151,1
7152,0
7153,0
7154,2
7155,0
7156,2
7157,0
7158,0
7159,0
7160,2
7161,2
7162,1
7163,0
7164,2
7165,1
7166,0
7167,2
7168,2
7169,0
7170,0
7171,0
7172,2
7173,0
7174,0
7175,0
7176,2
7177,2
7178,0
7179,0
7180,0
7181,0
7182,0
7183,0
7184,3
7185,0
7186,0
7187,0
7188,0
7189,0
7190,0
7191,0
7192,0
7193,0
7194,2
7195,2
7196,3
7197,0
7198,2
7199,0
7200,0
7201,0
7202,2
7203,0
7204,2
7205,1
7206,0
7207,0
7208,2
7209,0
7210,0
7211,0
7212,0
7213,0
7214,2
7215,0
7216,0
7217,1
7218,0
7219,0
7220,0
7221,0
7222,0
7223,2
7224,0
7225,2
7226,0
7227,0
7228,2
7229,0
7230,2
7231,0
7232,1
7233,2
7234,0
7235,0
7236,0
7237,0
7238,0
7239,2
7240,1
7241,2
7242,0
7243,1
7244,2
7245,0
7246,2
7247,0
7248,1
7249,2
7250,0
7251,2
7252,2
7253,0
7254,2
7255,0
7256,0
7257,0
7258,0
7259,2
7260,0
7261,2
7262,1
7263,2
7264,1
7265,2
7266,0
7267,2
7268,2
7269,2
7270,0
7271,0
7272,2
7273,2
7274,2
7275,1
7276,0
7277,0
7278,0
7279,0
7280,0
7281,2
7282,0
7283,0
7284,0
7285,1
7286,0
7287,0
7288,0
7289,0
7290,2
7291,2
7292,0
7293,0
7294,2
7295,0
7296,0
7297,0
7298,2
7299,0
7300,2
7301,0
7302,2
7303,0
7304,0
7305,0
7306,0
7307,0
7308,0
7309,2
7310,2
7311,0
7312,0
7313,2
7314,2
7315,0
7316,0
7317,2
7318,0
7319,0
7320,0
7321,0
7322,2
7323,0
7324,0
7325,1
7326,0
7327,1
7328,2
7329,2
7330,2
7331,0
7332,2
7333,0
7334,0
7335,1
7336,0
7337,0
7338,0
7339,0
7340,0
7341,0
7342,0
7343,1
7344,0
7345,0
7346,2
7347,2
7348,0
7349,0
7350,0
7351,0
7352,2
7353,2
7354,2
7355,0
7356,0
7357,2
7358,3
7359,0
7360,0
7361,2
7362,0
7363,2
7364,1
7365,2
7366,2
7367,2
7368,2
7369,0
7370,0
7371,2
7372,0
7373,0
7374,0
7375,0
7376,2
7377,2
7378,3
7379,2
7380,0
7381,2
7382,0
7383,0
7384,0
7385,2
7386,0
7387,0
7388,1
7389,1
7390,2
7391,2
7392,2
7393,2
7394,1
7395,2
7396,0
7397,0
7398,2
7399,2
7400,0
7401,0
7402,1
7403,0
7404,0
7405,0
7406,2
7407,0
7408,0
7409,2
7410,2
7411,0
7412,0
7413,2
7414,0
7415,2
7416,2
7417,2
7418,1
7419,2
7420,0
7421,2
7422,2
7423,2
7424,0
7425,0
7426,0
7427,0
7428,0
7429,0
7430,0
7431,0
7432,1
7433,0
7434,0
7435,1
7436,0
7437,0
7438,0
7439,2
7440,1
7441,2
7442,2
7443,0
7444,0
7445,2
7446,0
7447,2
7448,0
7449,0
7450,0
7451,0
7452,0
7453,2
7454,0
7455,0
7456,1
7457,2
7458,0
7459,2
7460,0
7461,0
7462,2
7463,0
7464,0
7465,2
7466,0
7467,0
7468,0
7469,0
7470,1
7471,0
7472,0
7473,0
7474,2
7475,0
7476,2
7477,0
7478,2
7479,1
7480,2
7481,2
7482,0
7483,0
7484,0
7485,0
7486,0
7487,0
7488,0
7489,2
7490,0
7491,2
7492,0
7493,0
7494,0
7495,0
7496,0
7497,0
7498,2
7499,2
7500,0
7501,0
7502,2
7503,0
7504,0
7505,0
7506,0
7507,3
7508,0
7509,1
7510,0
7511,0
7512,0
7513,2
7514,0
7515,1
7516,2
7517,2
7518,0
7519,2
7520,1
7521,0
7522,0
7523,0
7524,0
7525,0
7526,0
7527,0
7528,0
7529,1
7530,2
7531,0
7532,0
7533,1
7534,0
7535,0
7536,2
7537,2
7538,0
7539,2
7540,0
7541,0
7542,0
7543,0
7544,0
7545,0
7546,0
7547,0
7548,0
7549,0
7550,0
7551,2
7552,0
7553,0
7554,0
7555,0
7556,2
7557,0
7558,0
7559,0
7560,2
7561,2
7562,2
7563,2
7564,0
7565,0
7566,0
7567,2
7568,0
7569,0
7570,0
7571,2
7572,0
7573,1
7574,1
7575,3
7576,0
7577,0
7578,0
7579,0
7580,0
7581,0
7582,1
7583,2
7584,2
7585,2
7586,2
7587,0
7588,0
7589,0
7590,0
7591,0
7592,0
7593,2
7594,0
7595,0
7596,0
7597,2
7598,0
7599,0
7600,0
7601,0
7602,0
7603,0
7604,0
7605,0
7606,0
7607,0
7608,0
7609,0
7610,0
7611,0
7612,0
7613,0
7614,1
7615,1
7616,2
7617,0
7618,0
7619,0
7620,0
7621,0
7622,0
7623,1
7624,0
7625,0
7626,1
7627,2
7628,2
7629,0
7630,2
7631,2
7632,0
7633,1
7634,0
7635,2
7636,2
7637,2
7638,2
7639,1
7640,2
7641,0
7642,2
7643,2
7644,1
7645,2
7646,0
7647,0
7648,2
7649,0
7650,0
7651,2
7652,0
7653,0
7654,0
7655,2
7656,0
7657,1
7658,2
7659,2
7660,1
7661,0
7662,1
7663,2
7664,0
7665,1
7666,2
7667,2
7668,2
7669,2
7670,2
7671,1
7672,1
7673,2
7674,0
7675,0
7676,2
7677,2
7678,0
7679,0
7680,0
7681,0
7682,0
7683,2
7684,0
7685,2
7686,0
7687,1
7688,0
7689,0
7690,2
7691,0
7692,2
7693,0
7694,2
7695,2
7696,2
7697,0
7698,2
7699,0
7700,0
7701,0
7702,2
7703,0
7704,0
7705,2
7706,0
7707,2
7708,2
7709,0
7710,0
7711,1
7712,2
7713,0
7714,1
7715,1
7716,0
7717,0
7718,0
7719,2
7720,0
7721,0
7722,1
7723,0
7724,2
7725,2
7726,0
7727,0
7728,0
7729,0
7730,1
7731,1
7732,2
7733,2
7734,0
7735,2
7736,0
7737,0
7738,0
7739,0
7740,0
7741,0
7742,0
7743,2
7744,0
7745,0
7746,2
7747,2
7748,0
7749,0
7750,0
7751,2
7752,2
7753,0
7754,0
7755,0
7756,0
7757,0
7758,2
7759,0
7760,2
7761,1
7762,0
7763,2
7764,1
7765,0
7766,1
7767,0
7768,2
7769,0
7770,1
7771,0
7772,0
7773,0
7774,2
7775,2
7776,2
7777,0
7778,0
7779,1
7780,0
7781,2
7782,1
7783,0
7784,0
7785,0
7786,2
7787,0
7788,0
7789,0
7790,0
7791,0
7792,1
7793,1
7794,1
7795,0
7796,0
7797,2
7798,2
7799,0
7800,2
7801,2
7802,0
7803,1
7804,0
7805,0
7806,0
7807,1
7808,0
7809,0
7810,2
7811,2
7812,2
7813,0
7814,0
7815,2
7816,0
7817,2
7818,2
7819,0
7820,1
7821,0
7822,0
7823,2
7824,2
7825,0
7826,0
7827,2
7828,2
7829,0
7830,0
7831,0
7832,2
7833,0
7834,0
7835,2
7836,2
7837,0
7838,0
7839,0
7840,0
7841,2
7842,0
7843,0
7844,0
7845,0
7846,0
7847,0
7848,0
7849,1
7850,0
7851,0
7852,1
7853,0
7854,2
7855,0
7856,0
7857,0
7858,0
7859,0
7860,0
7861,2
7862,0
7863,0
7864,1
7865,2
7866,1
7867,0
7868,0
7869,0
7870,0
7871,0
7872,2
7873,0
7874,0
7875,0
7876,0
7877,2
7878,0
7879,2
7880,3
7881,0
7882,2
7883,1
7884,0
7885,0
7886,1
7887,0
7888,0
7889,0
7890,0
7891,0
7892,2
7893,0
7894,0
7895,1
7896,2
7897,2
7898,0
7899,0
7900,2
7901,0
7902,2
7903,0
7904,2
7905,0
7906,0
7907,0
7908,0
7909,0
7910,2
7911,1
7912,2
7913,0
7914,2
7915,0
7916,2
7917,2
7918,2
7919,0
7920,1
7921,2
7922,0
7923,0
7924,0
7925,0
7926,0
7927,2
7928,1
7929,0
7930,0
7931,2
7932,0
7933,2
7934,0
7935,0
7936,0
7937,1
7938,0
7939,0
7940,0
7941,0
7942,0
7943,2
7944,0
7945,0
7946,0
7947,0
7948,0
7949,0
7950,0
7951,0
7952,0
7953,2
7954,0
7955,0
7956,0
7957,0
7958,0
7959,1
7960,2
7961,0
7962,0
7963,0
7964,2
7965,2
7966,0
7967,0
7968,2
7969,0
7970,2
7971,0
7972,0
7973,0
7974,0
7975,0
7976,2
7977,1
7978,2
7979,0
7980,0
7981,2
7982,1
7983,0
7984,0
7985,0
7986,2
7987,0
7988,1
7989,2
7990,2
7991,2
7992,0
7993,0
7994,0
7995,0
7996,1
7997,0
7998,0
7999,0
8000,0
8001,0
8002,0
8003,0
8004,0
8005,1
8006,0
8007,0
8008,0
8009,0
8010,0
8011,0
8012,0
8013,2
8014,3
8015,0
8016,0
8017,0
8018,0
8019,1
8020,2
8021,0
8022,1
8023,0
8024,0
8025,2
8026,0
8027,2
8028,2
8029,0
8030,2
8031,0
8032,2
8033,1
8034,0
8035,2
8036,0
8037,2
8038,0
8039,0
8040,0
8041,0
8042,0
8043,0
8044,1
8045,0
8046,0
8047,0
8048,0
8049,2
8050,2
8051,0
8052,0
8053,0
8054,0
8055,0
8056,0
8057,0
8058,0
8059,2
8060,0
8061,2
8062,2
8063,0
8064,0
8065,2
8066,2
8067,0
8068,0
8069,1
8070,2
8071,0
8072,0
8073,0
8074,0
8075,2
8076,2
8077,0
8078,2
8079,2
8080,2
8081,2
8082,0
8083,2
8084,0
8085,0
8086,0
8087,0
8088,0
8089,2
8090,0
8091,0
8092,0
8093,0
8094,0
8095,0
8096,0
8097,0
8098,2
8099,1
8100,0
8101,2
8102,0
8103,0
8104,0
8105,0
8106,0
8107,1
8108,0
8109,2
8110,0
8111,2
8112,2
8113,0
8114,2
8115,0
8116,0
8117,0
8118,2
8119,2
8120,1
8121,0
8122,2
8123,0
8124,2
8125,0
8126,0
8127,0
8128,2
8129,0
8130,0
8131,1
8132,2
8133,2
8134,2
8135,0
8136,2
8137,1
8138,0
8139,0
8140,2
8141,2
8142,0
8143,2
8144,0
8145,0
8146,0
8147,0
8148,2
8149,0
8150,0
8151,2
8152,0
8153,1
8154,0
8155,0
8156,2
8157,0
8158,2
8159,2
8160,0
8161,0
8162,0
8163,1
8164,0
8165,0
8166,2
8167,2
8168,2
8169,0
8170,2
8171,0
8172,0
8173,0
8174,0
8175,2
8176,2
8177,2
8178,2
8179,0
8180,0
8181,2
8182,0
8183,2
8184,0
8185,0
8186,0
8187,0
8188,0
8189,0
8190,0
8191,0
8192,0
8193,2
8194,2
8195,0
8196,2
8197,0
8198,0
8199,0
8200,0
8201,2
8202,3
8203,0
8204,0
8205,0
8206,0
8207,0
8208,0
8209,0
8210,0
8211,0
8212,0
8213,0
8214,1
8215,0
8216,0
8217,2
8218,0
8219,0
8220,0
8221,2
8222,0
8223,0
8224,2
8225,0
8226,1
8227,2
8228,0
8229,2
8230,0
8231,0
8232,0
8233,0
8234,2
8235,1
8236,0
8237,2
8238,0
8239,0
8240,0
8241,0
8242,0
8243,0
8244,1
8245,0
8246,0
8247,2
8248,0
8249,1
8250,2
8251,2
8252,2
8253,0
8254,1
8255,2
8256,0
8257,1
8258,0
8259,0
8260,2
8261,0
8262,0
8263,2
8264,0
8265,0
8266,0
8267,0
8268,2
8269,0
8270,2
8271,1
8272,2
8273,2
8274,2
8275,2
8276,0
8277,2
8278,0
8279,2
8280,0
8281,2
8282,0
8283,0
8284,0
8285,1
8286,2
8287,0
8288,1
8289,0
8290,2
8291,0
8292,2
8293,2
8294,2
8295,2
8296,2
8297,2
8298,0
8299,0
8300,2
8301,0
8302,0
8303,0
8304,0
8305,2
8306,0
8307,0
8308,0
8309,0
8310,1
8311,0
8312,0
8313,2
8314,2
8315,1
8316,0
8317,0
8318,2
8319,2
8320,2
8321,0
8322,2
8323,2
8324,2
8325,0
8326,0
8327,0
8328,0
8329,0
8330,2
8331,2
8332,0
8333,0
8334,2
8335,0
8336,2
8337,0
8338,2
8339,2
8340,0
8341,0
8342,1
8343,0
8344,2
8345,0
8346,0
8347,0
8348,2
8349,1
8350,0
8351,2
8352,0
8353,0
8354,0
8355,0
8356,0
8357,0
8358,1
8359,0
8360,1
8361,0
8362,0
8363,0
8364,0
8365,0
8366,0
8367,2
8368,0
8369,0
8370,0
8371,2
8372,2
8373,2
8374,0
8375,2
8376,2
8377,0
8378,0
8379,0
8380,2
8381,0
8382,0
8383,1
8384,0
8385,2
8386,0
8387,0
8388,2
8389,0
8390,2
8391,2
8392,2
8393,0
8394,2
8395,0
8396,0
8397,2
8398,0
8399,2
8400,0
8401,0
8402,0
8403,0
8404,2
8405,0
8406,2
8407,0
8408,0
8409,2
8410,0
8411,0
8412,2
8413,2
8414,0
8415,0
8416,0
8417,2
8418,0
8419,2
8420,0
8421,0
8422,0
8423,0
8424,0
8425,0
8426,1
8427,0
8428,3
8429,0
8430,2
8431,1
8432,2
8433,0
8434,0
8435,2
8436,0
8437,1
8438,0
8439,0
8440,2
8441,2
8442,2
8443,0
8444,2
8445,0
8446,0
8447,0
8448,0
8449,2
8450,0
8451,0
8452,0
8453,1
8454,0
8455,0
8456,0
8457,0
8458,2
8459,0
8460,2
8461,2
8462,2
8463,0
8464,0
8465,0
8466,0
8467,2
8468,2
8469,0
8470,0
8471,1
8472,0
8473,2
8474,0
8475,2
8476,0
8477,0
8478,0
8479,2
8480,0
8481,2
8482,0
8483,2
8484,2
8485,0
8486,0
8487,2
8488,2
8489,2
8490,0
8491,0
8492,2
8493,1
8494,2
8495,2
8496,0
8497,0
8498,0
8499,0
